{
    "model_type": "prevalence",
    "model_name": "prevalence_demo",
    "model_id": "V1.0_release2022-03-22",
    "model_pyfile": "prevalence_demo",
    "model_pyclass": "PrevalenceDemo",
    "input_models": [
        {
            "model_type": "input",
            "model_name": "input",
            "model_id": "input",
            "uuid": "1619119991-input-2020-08-01"
        }
    ],
    "model_parameters": {
        "random_seed": 632,
        "zip_code_fpath": "models/common/data/zip_code_list.txt"
    },
    "t0_date": "2020-08-01",
    "n_samples": 1000,
    "uuid": "1619119991-prevalence_demo-2020-08-01",
    "git_hash": "5a83f4e404b1e6780bcd0f472e3d73ad51c0a941"
}