{
    "model_type": "health-harm",
    "model_name": "health_harm_demo",
    "model_id": "V1.0_release2022-03-22",
    "model_pyfile": "health_harm_demo",
    "model_pyclass": "HealthHarmDemo",
    "use_docker": false,
    "input_models": [
        {
            "model_type": "person",
            "model_name": "person",
            "model_id": "V1.0_release2022-03-22",
            "uuid": "1619119991-person-2020-08-01"
        },
        {
            "model_type": "infection",
            "model_name": "infection_demo",
            "model_id": "V1.0_release2022-03-22",
            "uuid": "1619119991-infection_demo-2020-08-01"
        }
    ],
    "model_parameters": {
        "random_seed": 362,
        "prob_asymptomatic_infect": 0.75
    },
    "t0_date": "2020-08-01",
    "n_samples": 1000,
    "uuid": "1619119991-health_harm_demo-2020-08-01",
    "git_hash": "5a83f4e404b1e6780bcd0f472e3d73ad51c0a941"
}