{
    "simulation": {
        "age_bin": {
            "full_simulation_time_window": {
                "all_buildings": {
                    "2020-08-01 00:00:00": {
                        "1-10": {
                            "10 percentile": 91,
                            "50 percentile": 106,
                            "90 percentile": 113
                        },
                        "11-20": {
                            "10 percentile": 1304,
                            "50 percentile": 1373,
                            "90 percentile": 1383
                        },
                        "21-30": {
                            "10 percentile": 1685,
                            "50 percentile": 1728,
                            "90 percentile": 1801
                        },
                        "31-40": {
                            "10 percentile": 1153,
                            "50 percentile": 1192,
                            "90 percentile": 1212
                        },
                        "41-50": {
                            "10 percentile": 660,
                            "50 percentile": 697,
                            "90 percentile": 740
                        },
                        "51-60": {
                            "10 percentile": 172,
                            "50 percentile": 182,
                            "90 percentile": 194
                        },
                        "61-70": {
                            "10 percentile": 57,
                            "50 percentile": 65,
                            "90 percentile": 69
                        },
                        "71-80": {
                            "10 percentile": 17,
                            "50 percentile": 23,
                            "90 percentile": 27
                        },
                        "81-90": {
                            "10 percentile": 7,
                            "50 percentile": 12,
                            "90 percentile": 14
                        },
                        "91-100": {
                            "10 percentile": 2,
                            "50 percentile": 3,
                            "90 percentile": 7
                        }
                    }
                }
            }
        },
        "commuting_type": {
            "full_simulation_time_window": {
                "all_buildings": {
                    "2020-08-01 00:00:00": {
                        "bike": {
                            "10 percentile": 4032,
                            "50 percentile": 4073,
                            "90 percentile": 4093
                        },
                        "drive own vehicle": {
                            "10 percentile": 238,
                            "50 percentile": 251,
                            "90 percentile": 283
                        },
                        "mbta": {
                            "10 percentile": 257,
                            "50 percentile": 268,
                            "90 percentile": 270
                        },
                        "other": {
                            "10 percentile": 21,
                            "50 percentile": 25,
                            "90 percentile": 33
                        },
                        "taxi/uber/lyft": {
                            "10 percentile": 231,
                            "50 percentile": 277,
                            "90 percentile": 291
                        },
                        "walk": {
                            "10 percentile": 455,
                            "50 percentile": 485,
                            "90 percentile": 512
                        }
                    }
                }
            }
        },
        "home_zip": {
            "full_simulation_time_window": {
                "all_buildings": {
                    "2020-08-01 00:00:00": {
                        "01453": {
                            "10 percentile": 3,
                            "50 percentile": 6,
                            "90 percentile": 9
                        },
                        "01460": {
                            "10 percentile": 14,
                            "50 percentile": 17,
                            "90 percentile": 19
                        },
                        "01719": {
                            "10 percentile": 5,
                            "50 percentile": 11,
                            "90 percentile": 13
                        },
                        "01741": {
                            "10 percentile": 2,
                            "50 percentile": 6,
                            "90 percentile": 7
                        },
                        "01742": {
                            "10 percentile": 5,
                            "50 percentile": 9,
                            "90 percentile": 18
                        },
                        "01760": {
                            "10 percentile": 3,
                            "50 percentile": 6,
                            "90 percentile": 8
                        },
                        "01776": {
                            "10 percentile": 6,
                            "50 percentile": 12,
                            "90 percentile": 18
                        },
                        "01801": {
                            "10 percentile": 2,
                            "50 percentile": 6,
                            "90 percentile": 9
                        },
                        "01803": {
                            "10 percentile": 7,
                            "50 percentile": 10,
                            "90 percentile": 11
                        },
                        "01810": {
                            "10 percentile": 3,
                            "50 percentile": 4,
                            "90 percentile": 8
                        },
                        "01821": {
                            "10 percentile": 3,
                            "50 percentile": 5,
                            "90 percentile": 6
                        },
                        "01826": {
                            "10 percentile": 12,
                            "50 percentile": 13,
                            "90 percentile": 17
                        },
                        "01864": {
                            "10 percentile": 3,
                            "50 percentile": 4,
                            "90 percentile": 10
                        },
                        "01876": {
                            "10 percentile": 1,
                            "50 percentile": 4,
                            "90 percentile": 7
                        },
                        "01887": {
                            "10 percentile": 6,
                            "50 percentile": 11,
                            "90 percentile": 14
                        },
                        "01890": {
                            "10 percentile": 4,
                            "50 percentile": 5,
                            "90 percentile": 8
                        },
                        "01905": {
                            "10 percentile": 2,
                            "50 percentile": 3,
                            "90 percentile": 9
                        },
                        "01908": {
                            "10 percentile": 2,
                            "50 percentile": 5,
                            "90 percentile": 7
                        },
                        "01923": {
                            "10 percentile": 3,
                            "50 percentile": 6,
                            "90 percentile": 6
                        },
                        "01930": {
                            "10 percentile": 2,
                            "50 percentile": 5,
                            "90 percentile": 7
                        },
                        "01938": {
                            "10 percentile": 3,
                            "50 percentile": 5,
                            "90 percentile": 9
                        },
                        "01945": {
                            "10 percentile": 3,
                            "50 percentile": 4,
                            "90 percentile": 9
                        },
                        "01960": {
                            "10 percentile": 3,
                            "50 percentile": 6,
                            "90 percentile": 13
                        },
                        "01970": {
                            "10 percentile": 5,
                            "50 percentile": 8,
                            "90 percentile": 16
                        },
                        "02021": {
                            "10 percentile": 3,
                            "50 percentile": 5,
                            "90 percentile": 7
                        },
                        "02026": {
                            "10 percentile": 3,
                            "50 percentile": 4,
                            "90 percentile": 7
                        },
                        "02038": {
                            "10 percentile": 2,
                            "50 percentile": 13,
                            "90 percentile": 14
                        },
                        "02043": {
                            "10 percentile": 3,
                            "50 percentile": 5,
                            "90 percentile": 10
                        },
                        "02062": {
                            "10 percentile": 9,
                            "50 percentile": 18,
                            "90 percentile": 27
                        },
                        "02067": {
                            "10 percentile": 2,
                            "50 percentile": 4,
                            "90 percentile": 10
                        },
                        "02072": {
                            "10 percentile": 4,
                            "50 percentile": 9,
                            "90 percentile": 13
                        },
                        "02090": {
                            "10 percentile": 2,
                            "50 percentile": 5,
                            "90 percentile": 6
                        },
                        "02108": {
                            "10 percentile": 164,
                            "50 percentile": 182,
                            "90 percentile": 210
                        },
                        "02113": {
                            "10 percentile": 12,
                            "50 percentile": 13,
                            "90 percentile": 17
                        },
                        "02114": {
                            "10 percentile": 155,
                            "50 percentile": 169,
                            "90 percentile": 188
                        },
                        "02115": {
                            "10 percentile": 133,
                            "50 percentile": 150,
                            "90 percentile": 157
                        },
                        "02116": {
                            "10 percentile": 161,
                            "50 percentile": 186,
                            "90 percentile": 199
                        },
                        "02118": {
                            "10 percentile": 152,
                            "50 percentile": 157,
                            "90 percentile": 178
                        },
                        "02119": {
                            "10 percentile": 13,
                            "50 percentile": 16,
                            "90 percentile": 20
                        },
                        "02120": {
                            "10 percentile": 144,
                            "50 percentile": 152,
                            "90 percentile": 164
                        },
                        "02121": {
                            "10 percentile": 4,
                            "50 percentile": 6,
                            "90 percentile": 9
                        },
                        "02122": {
                            "10 percentile": 12,
                            "50 percentile": 19,
                            "90 percentile": 19
                        },
                        "02124": {
                            "10 percentile": 13,
                            "50 percentile": 19,
                            "90 percentile": 25
                        },
                        "02125": {
                            "10 percentile": 164,
                            "50 percentile": 177,
                            "90 percentile": 199
                        },
                        "02126": {
                            "10 percentile": 11,
                            "50 percentile": 19,
                            "90 percentile": 25
                        },
                        "02127": {
                            "10 percentile": 147,
                            "50 percentile": 165,
                            "90 percentile": 178
                        },
                        "02128": {
                            "10 percentile": 135,
                            "50 percentile": 138,
                            "90 percentile": 155
                        },
                        "02129": {
                            "10 percentile": 148,
                            "50 percentile": 172,
                            "90 percentile": 179
                        },
                        "02130": {
                            "10 percentile": 150,
                            "50 percentile": 174,
                            "90 percentile": 186
                        },
                        "02131": {
                            "10 percentile": 12,
                            "50 percentile": 13,
                            "90 percentile": 14
                        },
                        "02132": {
                            "10 percentile": 9,
                            "50 percentile": 13,
                            "90 percentile": 17
                        },
                        "02134": {
                            "10 percentile": 156,
                            "50 percentile": 183,
                            "90 percentile": 190
                        },
                        "02135": {
                            "10 percentile": 159,
                            "50 percentile": 205,
                            "90 percentile": 214
                        },
                        "02136": {
                            "10 percentile": 8,
                            "50 percentile": 10,
                            "90 percentile": 17
                        },
                        "02138": {
                            "10 percentile": 186,
                            "50 percentile": 190,
                            "90 percentile": 199
                        },
                        "02139": {
                            "10 percentile": 410,
                            "50 percentile": 444,
                            "90 percentile": 473
                        },
                        "02141": {
                            "10 percentile": 193,
                            "50 percentile": 201,
                            "90 percentile": 243
                        },
                        "02142": {
                            "10 percentile": 259,
                            "50 percentile": 284,
                            "90 percentile": 290
                        },
                        "02143": {
                            "10 percentile": 171,
                            "50 percentile": 177,
                            "90 percentile": 187
                        },
                        "02145": {
                            "10 percentile": 219,
                            "50 percentile": 228,
                            "90 percentile": 248
                        },
                        "02148": {
                            "10 percentile": 1,
                            "50 percentile": 4,
                            "90 percentile": 6
                        },
                        "02149": {
                            "10 percentile": 206,
                            "50 percentile": 220,
                            "90 percentile": 224
                        },
                        "02150": {
                            "10 percentile": 132,
                            "50 percentile": 182,
                            "90 percentile": 192
                        },
                        "02151": {
                            "10 percentile": 10,
                            "50 percentile": 12,
                            "90 percentile": 14
                        },
                        "02152": {
                            "10 percentile": 165,
                            "50 percentile": 174,
                            "90 percentile": 188
                        },
                        "02155": {
                            "10 percentile": 106,
                            "50 percentile": 133,
                            "90 percentile": 172
                        },
                        "02169": {
                            "10 percentile": 17,
                            "50 percentile": 19,
                            "90 percentile": 26
                        },
                        "02170": {
                            "10 percentile": 2,
                            "50 percentile": 4,
                            "90 percentile": 9
                        },
                        "02171": {
                            "10 percentile": 2,
                            "50 percentile": 5,
                            "90 percentile": 8
                        },
                        "02180": {
                            "10 percentile": 3,
                            "50 percentile": 5,
                            "90 percentile": 10
                        },
                        "02184": {
                            "10 percentile": 2,
                            "50 percentile": 7,
                            "90 percentile": 9
                        },
                        "02186": {
                            "10 percentile": 10,
                            "50 percentile": 19,
                            "90 percentile": 27
                        },
                        "02188": {
                            "10 percentile": 5,
                            "50 percentile": 10,
                            "90 percentile": 16
                        },
                        "02189": {
                            "10 percentile": 8,
                            "50 percentile": 12,
                            "90 percentile": 14
                        },
                        "02190": {
                            "10 percentile": 9,
                            "50 percentile": 10,
                            "90 percentile": 16
                        },
                        "02210": {
                            "10 percentile": 13,
                            "50 percentile": 13,
                            "90 percentile": 21
                        },
                        "02215": {
                            "10 percentile": 4,
                            "50 percentile": 5,
                            "90 percentile": 8
                        },
                        "02301": {
                            "10 percentile": 7,
                            "50 percentile": 10,
                            "90 percentile": 17
                        },
                        "02302": {
                            "10 percentile": 7,
                            "50 percentile": 11,
                            "90 percentile": 12
                        },
                        "02343": {
                            "10 percentile": 17,
                            "50 percentile": 20,
                            "90 percentile": 23
                        },
                        "02360": {
                            "10 percentile": 8,
                            "50 percentile": 10,
                            "90 percentile": 15
                        },
                        "02420": {
                            "10 percentile": 11,
                            "50 percentile": 12,
                            "90 percentile": 13
                        },
                        "02445": {
                            "10 percentile": 154,
                            "50 percentile": 158,
                            "90 percentile": 173
                        },
                        "02446": {
                            "10 percentile": 142,
                            "50 percentile": 151,
                            "90 percentile": 174
                        },
                        "02452": {
                            "10 percentile": 5,
                            "50 percentile": 9,
                            "90 percentile": 12
                        },
                        "02453": {
                            "10 percentile": 6,
                            "50 percentile": 7,
                            "90 percentile": 9
                        },
                        "02468": {
                            "10 percentile": 3,
                            "50 percentile": 4,
                            "90 percentile": 10
                        },
                        "02472": {
                            "10 percentile": 7,
                            "50 percentile": 11,
                            "90 percentile": 13
                        },
                        "02474": {
                            "10 percentile": 1,
                            "50 percentile": 5,
                            "90 percentile": 8
                        },
                        "02476": {
                            "10 percentile": 3,
                            "50 percentile": 6,
                            "90 percentile": 8
                        },
                        "02481": {
                            "10 percentile": 8,
                            "50 percentile": 10,
                            "90 percentile": 12
                        },
                        "02494": {
                            "10 percentile": 3,
                            "50 percentile": 7,
                            "90 percentile": 13
                        },
                        "02703": {
                            "10 percentile": 8,
                            "50 percentile": 11,
                            "90 percentile": 19
                        },
                        "02906": {
                            "10 percentile": 3,
                            "50 percentile": 6,
                            "90 percentile": 9
                        }
                    }
                }
            }
        },
        "mit_person_type": {
            "full_simulation_time_window": {
                "all_buildings": {
                    "2020-08-01 00:00:00": {
                        "Admin staff": {
                            "10 percentile": 695,
                            "50 percentile": 735,
                            "90 percentile": 778
                        },
                        "Faculty": {
                            "10 percentile": 331,
                            "50 percentile": 346,
                            "90 percentile": 356
                        },
                        "Graduate student": {
                            "10 percentile": 1512,
                            "50 percentile": 1565,
                            "90 percentile": 1607
                        },
                        "Medical staff": {
                            "10 percentile": 55,
                            "50 percentile": 64,
                            "90 percentile": 75
                        },
                        "Research staff": {
                            "10 percentile": 1548,
                            "50 percentile": 1556,
                            "90 percentile": 1586
                        },
                        "Service staff": {
                            "10 percentile": 496,
                            "50 percentile": 509,
                            "90 percentile": 514
                        },
                        "Support staff": {
                            "10 percentile": 277,
                            "50 percentile": 314,
                            "90 percentile": 336
                        },
                        "Undergraduate student": {
                            "10 percentile": 267,
                            "50 percentile": 285,
                            "90 percentile": 299
                        }
                    }
                }
            }
        },
        "total_population_size": {
            "full_simulation_time_window": {
                "all_buildings": {
                    "2020-08-01 00:00:00": {
                        "count": 5369
                    }
                }
            }
        }
    }
}