{
    "scenario_parameters": {
        "description": "testing simulated counts and inflow vs dataset values comparison on a large run",
        "t0_date": "2020-08-01",
        "n_samples": 1000,
        "n_days_to_simulate": 7
    },
    "base_scenario_config": "scheduler/scenarios/risk_model_simulation_configuration.json",
    "base_models": [
        "models/prevalence/prevalence_demo/config.json",
        "models/action/action_demo/config.json",
        "models/person/person/config.json",
        "models/trajectory/trajectory/config.json",
        "models/infection/infection_demo/config.json",
        "models/health_harm/health_harm_demo/config.json"
    ],
    "base_analyses": [
        "analyses/person_analysis/config.json",
        "analyses/building_analysis/config.json",
        "analyses/campus_analysis/config.json",
        "analyses/observations_and_model_distributions/config.json"
    ],
    "model_parameters": [],
    "analysis_parameters": [],
    "uuid_prefix": "1619119991",
    "git_hash": "5a83f4e404b1e6780bcd0f472e3d73ad51c0a941",
    "batch_scenarios": [
        "1619119991"
    ]
}