{
    "analysis_name": "building-occupancy-statistics",
    "analysis_id": "V0.1",
    "analysis_pyfile": "building_statistics",
    "analysis_pyclass": "ScenarioBuildingStatisticsAnalysis",
    "input_models": [
        {
            "model_type": "trajectory",
            "model_name": "trajectory",
            "model_id": "V1.0_release2022-03-22"
        }
    ],
    "input_analyses": [],
    "analysis_parameters": {
        "random_seed": 0,
        "lunch_start": "11:00",
        "lunch_end": "15:00",
        "unittest_mode": false,
        "n_bootstraps": 5,
        "time_freq": "60min",
        "output_hourly": true,
        "percentiles": [
            10,
            50,
            90
        ]
    },
    "uuid": "1619119991-building-occupancy-statistics",
    "git_hash": "5a83f4e404b1e6780bcd0f472e3d73ad51c0a941"
}